cwid,slug,name,title,bio_words,voice,starts,empty_p,real_p,img,links,lists,headings,db_role,db_has_overview,net_new
,adrienne-boire,Adrienne Boire,Associate Professor,271,third_named,title,2,10,0,4,1,0,,,0
,agnel-sfeir,Agnel Sfeir,Professor,162,third_lab,name,6,0,0,0,1,0,,,0
,alan-hanash,Alan Hanash,Assistant Professor,213,third_lab,name,2,1,0,0,1,0,,,0
,alban-ordureau,Alban Ordureau,Assistant Professor,120,third_named,name,0,3,0,0,1,0,,,0
pernisa,alessandra-pernis,Alessandra Pernis,Professor,191,third_named,name,0,5,0,3,2,0,affiliated_faculty,False,0
ala2022,alessio-accardi,Alessio Accardi,Professor,428,first_singular,other,6,2,1,0,1,0,full_time_faculty,False,1
,alex-kentsis,Alex Kentsis,Professor,385,third_lab,title,2,8,0,1,2,0,,,0
,alexander-gitlin,Alexander Gitlin,,113,third_lab,other,0,3,0,0,1,0,,,0
alr2031,alexander-rudensky,Alexander Rudensky,Professor/Chair,357,third_named,name,2,8,1,0,1,0,affiliated_faculty,False,0
,alexandros-pertsinidis,Alexandros Pertsinidis,Professor,70,first_plural,other,2,0,1,0,0,0,,,0
aim2001,alvin-mushlin,Alvin Mushlin,Professor,403,third_named,name,8,0,1,0,0,0,affiliated_faculty,True,0
amb2036,amelia-bond,Amelia Bond,Associate Professor,56,third_named,name,0,1,0,0,0,0,full_time_faculty,False,1
amk2012,amy-kuceyeski,Amy Kuceyeski,Professor,133,third_named,title,4,0,0,0,1,0,full_time_faculty,False,1
akm2003,anant-menon,Anant Menon,Professor,98,third_named,name,0,1,0,0,0,0,full_time_faculty,True,0
,andrea-schietinger,Andrea Schietinger,Associate Professor,64,first_plural_lab,other,2,0,1,0,0,0,,,0
,andrea-ventura,Andrea Ventura,Professor,57,third_lab,other,0,1,0,0,0,0,,,0
,andrew-koff,Andrew Koff,Professor,44,first_singular,other,0,1,0,0,0,0,,,0
,anna-katerina-hadjantonakis,Anna-Katerina Hadjantonakis,Professor,69,third_named,title,2,0,0,0,0,0,,,0
ago2002,anna-orr,Anna Orr,Assistant Professor,134,third_named,title,2,2,0,0,1,0,full_time_faculty,False,1
and2039,annarita-dilorenzo,Annarita DiLorenzo,Professor,0,,,,,,,,,full_time_faculty,False,0
amcbrown,anthony-brown,Anthony Brown,Associate Professor,117,third_named,name,0,3,0,0,1,0,affiliated_faculty,True,0
,antonio-marzio,Antonio Marzio,Assistant Professor,114,third_lab,title,0,3,0,0,1,0,,,0
arj2005,arian-jung,Arian Jung,Associate Professor,198,third_named,title,0,6,0,0,4,0,full_time_faculty,True,0
asl4003,ashley-laughney,Ashley Laughney,Associate Professor,130,third_lab,name,2,1,0,0,1,0,full_time_faculty,True,0
,asmin-tulpule,Asmin Tulpule,Assistant Professor,143,third_lab,name,4,0,0,0,1,0,,,0
,b-franklin-pugh,B. Franklin Pugh,Professor,345,third_lab,title,2,8,0,5,1,0,,,0
baz3002,baohong-zhao,Baohong Zhao,Professor,160,third_lab,title,2,1,0,0,1,0,,,0
baw2001,baolin-wang,Baolin Wang,Associate Professor,75,third_lab,name,0,3,0,0,1,0,full_time_faculty,True,0
blhempst,barbara-hempstead,Barbara Hempstead,Dean,112,third_lab,the_lab,8,0,1,0,0,0,full_time_faculty,False,1
bschwer,beate-schwer,Beate Schwer,Professor,115,third_named,name,2,1,0,0,1,0,full_time_faculty,True,0
bek9059,benjamin-kleaveland,Benjamin Kleaveland,Assistant Professor,64,third_lab,name,0,1,0,0,0,0,full_time_faculty,False,1
bgraf,bernice-grafstein,Bernice Grafstein,Retired,207,third_named,title,4,0,1,0,0,0,affiliated_faculty,True,0
bmf9003,bishoy-faltas,Bishoy Faltas,Associate Professor,367,third_lab,title,4,7,0,2,3,0,full_time_faculty,False,1
bjk2007,bjorn-kafsack,Bjorn Kafsack,Associate Professor,186,first_singular,other,2,4,1,0,0,0,affiliated_faculty,True,0
bos2005,botir-sagdullaev,Botir Sagdullaev,Associate Professor,286,first_singular,the_lab,2,4,1,0,0,0,,,0
brs2006,bruce-schackman,Bruce Schackman,Professor,218,third_named,title,0,9,0,4,5,0,full_time_faculty,True,0
cpb2002,carl-blobel,Carl Blobel,Professor,160,third_named,name,2,2,0,0,0,0,affiliated_faculty,False,0
cnathan,carl-nathan,Carl Nathan,Professor,145,third_named,name,2,1,0,0,1,0,full_time_faculty,True,0
camancus,carol-mancuso,Carol Mancuso,Professor,71,third_named,name,0,1,1,0,0,0,non_faculty_academic,True,0
,cesar-arias,Cesar Arias,Professor,14,ambiguous,other,2,0,0,1,0,0,,,0
,charles-rudin,Charles Rudin,Professor,114,third_lab,title,4,0,0,0,1,0,,,0
chs3004,charles-sawyers,Charles Sawyers,Professor,32,ambiguous,title,0,1,0,0,0,0,affiliated_faculty,False,0
,chenxu-zhu,Chenxu Zhu,Assistant Professor,317,third_named,title,4,7,0,5,1,0,,,0
,chih-chi-andrew-hu,Chih-Chi Andrew Hu,Professor,14,ambiguous,other,0,1,0,1,0,0,,,0
chsung,ching-hwa-sung,Ching-Hwa Sung,Professor,115,third_named,name,0,3,0,0,1,0,full_time_faculty,False,1
,chinnaswamy-jagannath,Chinnaswamy Jagannath,,14,ambiguous,other,0,1,0,1,0,0,,,0
chd3004,chitra-dahia,Chitra Dahia,Associate Professor,405,third_lab,other,4,2,2,0,0,1,affiliated_faculty,False,0
,christina-leslie,Christina Leslie,Professor,68,first_plural_lab,the_lab,2,0,1,0,0,0,,,0
,christine-mayr,Christine Mayr,Professor,145,third_lab,title,2,1,0,0,1,0,,,0
chb9074,christopher-barbieri,Christopher Barbieri,Associate Professor,88,first_plural_lab,the_lab,2,0,1,0,0,0,full_time_faculty,False,1
,christopher-lima,Christopher Lima,Professor,162,third_named,name,0,3,0,0,1,0,,,0
chm2042,christopher-mason,Christopher Mason,Professor,121,third_lab,other,2,0,1,0,0,0,full_time_faculty,False,1
,chrysothemis-brown,Chrysothemis Brown,Assistant Professor,202,third_lab,name,0,4,0,0,1,0,,,0
chg4001,chun-jun-guo,Chun-Jun Guo,Associate Professor,147,third_lab,name,2,1,0,0,1,0,full_time_faculty,False,1
col2004,conor-liston,Conor Liston,Professor,192,third_lab,other,4,1,1,0,0,0,full_time_faculty,False,1
coi2001,costantino-iadecola,Costantino Iadecola,Professor,174,third_named,title,4,0,0,0,1,0,full_time_faculty,True,0
,craig-thompson,Craig Thompson,Professor,62,third_lab,the_lab,2,0,1,0,0,0,,,0
crn2002,crina-nimigean,Crina Nimigean,Professor,54,first_plural_lab,research,2,0,1,0,0,0,full_time_faculty,True,0
ccole,curtis-cole,Curtis Cole,Associate Professor,326,third_named,title,2,3,1,1,0,0,full_time_faculty,True,0
dal3005,dan-landau,Dan Landau,Professor,90,first_plural,other,2,1,1,0,0,0,full_time_faculty,False,1
,daniel-bachovchin,Daniel Bachovchin,Associate Professor,185,third_lab,title,2,1,0,0,1,0,,,0
dwf2001,daniel-fitzgerald,Daniel Fitzgerald,Professor,83,third_named,other,0,1,1,0,0,0,full_time_faculty,True,0
,daniel-heller,Daniel Heller,Professor,351,third_lab,other,2,5,0,2,1,0,,,0
,danwei-huangfu,Danwei Huangfu,Professor,127,third_named,name,2,1,0,0,1,0,,,0
daa2028,david-artis,David Artis,Professor,178,third_named,title,4,1,0,0,1,0,full_time_faculty,True,0
dae2005,david-eliezer,David Eliezer,Professor,74,third_named,name,4,0,0,0,0,0,full_time_faculty,True,0
dcl2001,david-lyden,David Lyden,Professor,628,first_singular,title,2,10,0,5,0,0,full_time_faculty,True,0
dsr2005,david-rickman,David Rickman,Associate Professor,125,third_lab,title,2,1,0,0,1,0,full_time_faculty,True,0
das2027,david-scheinberg,David Scheinberg,Professor,114,third_lab,title,4,0,0,0,1,0,affiliated_faculty,False,0
djs4002,david-simon,David Simon,Assistant Professor,93,third_lab,name,2,1,0,0,1,0,full_time_faculty,True,0
,david-solit,David Solit,Professor,470,third_named,name,4,6,0,0,1,0,,,0
,deanna-jannat-khah,Deanna Jannat-Khah,,432,first_singular,first_person,2,13,0,5,2,0,,,0
dst2001,derek-tan,Derek Tan,Professor,144,third_lab,name,2,1,0,0,1,0,affiliated_faculty,False,0
des2025,despina-siolas,Despina Siolas,Assistant Professor,176,third_lab,title,2,1,0,0,1,0,full_time_faculty,False,1
diw2004,dianna-willis,Dianna Willis,Assistant Professor,204,third_named,name,4,4,0,4,1,0,,,0
dpc2003,diany-calderon,Diany Calderon,Associate Professor,132,third_lab,name,2,1,0,0,1,0,full_time_faculty,False,1
dic2009,dilek-colak,Dilek Colak,Associate Professor,165,third_lab,name,0,3,0,0,1,0,full_time_faculty,False,1
,dimitar-nikolov,Dimitar Nikolov,Professor,61,third_named,name,0,2,0,0,0,0,,,0
,dimitry-sayenko,Dimitry Sayenko,Assistant Professor,14,ambiguous,other,0,1,0,1,0,0,,,0
,dinshaw-patel,Dinshaw Patel,Professor,167,third_named,name,2,2,0,0,1,0,,,0
,dirk-remus,Dirk Remus,Associate Professor,223,third_lab,name,2,8,0,5,1,0,,,0
dis2003,dirk-schnappinger,Dirk Schnappinger,Professor,135,third_lab,name,0,3,0,0,1,0,full_time_faculty,False,1
djb2001,douglas-ballon,Douglas Ballon,Professor,487,first_singular,other,4,1,0,5,2,0,full_time_faculty,True,0
,ed-reznik,Ed Reznik,Associate Professor,70,third_named,name,0,6,0,5,1,0,,,0
edh3001,edmund-hollis,Edmund Hollis,Assistant Professor,183,third_lab,name,2,3,0,3,3,0,non_faculty_academic,False,0
efa2001,effie-apostolou,Effie Apostolou,Associate Professor,160,third_lab,other,6,0,1,0,0,0,full_time_faculty,False,1
ekk2003,ekta-khurana,Ekta Khurana,Associate Professor,178,first_plural_lab,the_lab,2,0,1,0,0,0,full_time_faculty,False,1
elp2025,elena-piskounova,Elena Piskounova,Adjunct Assistant,295,third_lab,the_lab,0,3,0,0,0,0,,,0
,elizabeth-wood,Elizabeth Wood,Instructor,202,first_singular,other,0,3,1,0,0,0,,,0
emc3001,emily-cheng,Emily Cheng,Professor,339,third_named,name,4,6,0,5,1,0,affiliated_faculty,False,0
ema2004,emre-aksay,Emre Aksay,Associate Professor,90,third_named,name,0,1,0,0,0,0,full_time_faculty,True,0
,eric-lai,Eric Lai,Professor,177,third_named,title,2,1,0,0,1,0,,,0
err9009,erika-abramson,Erika Abramson,Associate Dean,418,third_named,title,4,2,0,0,2,0,full_time_faculty,True,0
ecesarm,ethel-cesarman,Ethel Cesarman,Professor,162,third_lab,name,4,0,0,0,1,0,full_time_faculty,False,1
,faculty-honors,Faculty Honors,,0,,,,,,,,,,,0
,faculty-stories,Faculty Stories,,0,,,,,,,,,,,0
few2001,fei-wang,Fei Wang,Associate Professor,413,third_named,title,2,8,0,0,6,0,full_time_faculty,False,1
barany,francis-barany,Francis Barany,Professor,627,third_lab,other,2,4,0,1,0,0,full_time_faculty,True,0
fslee,francis-lee,Francis Lee,Professor/Chair,57,third_lab,title,2,0,1,0,0,0,full_time_faculty,False,1
,francisco-altamirano,Francisco Altamirano,Assistant Professor,14,ambiguous,other,0,1,0,1,0,0,,,0
frb3002,franck-barrat,Franck Barrat,Professor,115,third_named,title,0,1,0,0,0,0,affiliated_faculty,False,0
,frederic-geissmann,Frederic Geissmann,Professor,80,third_lab,other,2,0,1,0,0,0,,,0
frmaxfie,frederick-maxfield,Frederick Maxfield,Professor,134,third_lab,other,4,0,0,0,1,0,full_time_faculty,True,0
,gabriela-chiosis,Gabriela Chiosis,Professor,167,third_lab,other,2,0,0,0,1,0,,,0
,gabrielle-rizzuto,Gabrielle Rizzuto,Assistant Professor,114,third_lab,name,2,1,0,0,1,0,,,0
ggibson,gary-gibson,Gary Gibson,Professor,1490,third_named,other,4,4,1,0,0,1,non_faculty_academic,True,0
gep9004,geoffrey-pitt,Geoffrey Pitt,Professor,153,third_lab,title,2,1,0,0,1,0,full_time_faculty,False,1
gek2009,george-khelashvili,George Khelashvili,Associate Professor,387,first_singular,title,2,11,0,6,8,0,full_time_faculty,False,1
gbm9002,geraldine-mcginty,Geraldine McGinty,Professor,349,third_named,name,0,11,0,10,6,0,full_time_faculty,False,1
gim2004,giovanni-manfredi,Giovanni Manfredi,Professor,366,first_plural,other,4,0,1,0,0,0,full_time_faculty,True,0
,glen-prusky,Glen Prusky,Professor,237,first_plural_lab,the_lab,2,4,1,0,0,0,,,0
gfs2002,gregory-sonnenberg,Gregory Sonnenberg,Professor,175,third_lab,title,2,1,0,0,1,0,full_time_faculty,True,0
,gretchen-diehl,Gretchen Diehl,Associate Professor,262,third_lab,title,0,6,0,5,4,0,,,0
,guiseppe-faraco,Guiseppe Faraco,Assistant Professor,262,third_named,other,2,7,0,4,1,0,,,0
hut2006,hagen-tilgner,Hagen Tilgner,Associate Professor,278,third_named,other,8,6,1,0,0,0,full_time_faculty,True,0
,hans-guido-wendel,Hans-Guido Wendel,Professor,117,third_named,title,0,3,0,0,2,0,,,0
haw2002,harel-weinstein,Harel Weinstein,Professor,352,third_named,name,4,7,0,9,0,0,full_time_faculty,True,0
,harini-veeraraghavan,Harini Veeraraghavan,Associate Professor,454,first_singular,name,2,8,0,5,1,0,,,0
,hasina-outtz-reed,Hasina Outtz Reed,Assistant Professor,106,third_lab,title,0,3,0,0,1,0,,,0
hag2008,hassan-ghomrawi,Hassan Ghomrawi,Assistant Professor,54,third_named,title,0,2,1,0,0,0,,,0
,heather-yeo,Heather Yeo,Associate Professor,183,third_named,title,8,0,0,0,9,0,,,0
hes2011,heidi-stuhlmann,Heidi Stuhlmann,Professor/Chair,164,third_named,title,2,1,0,0,1,0,full_time_faculty,True,0
hjp2002,henry-pownall,Henry Pownall,Professor,207,third_named,title,2,1,0,0,1,0,affiliated_faculty,False,0
hif2002,hironori-funabiki,Hironori Funabiki,Professor,98,ambiguous,other,2,1,0,0,1,0,affiliated_faculty,False,0
hchemmi,hugh-hemmings,Hugh Hemmings,Professor,124,third_named,title,4,0,0,0,1,0,full_time_faculty,True,0
,iestyn-whitehouse,Iestyn Whitehouse,Associate Professor,93,third_named,other,0,3,0,0,0,0,,,0
ili2001,iliyan-iliev,Iliyan Iliev,Associate Professor,287,third_lab,name,2,12,0,0,0,0,full_time_faculty,True,0
imh2003,iman-hajirasouliha,Iman Hajirasouliha,Associate Professor,34,first_plural,other,0,1,0,0,0,0,full_time_faculty,False,1
inr2005,inez-rogatsky,Inez Rogatsky,Professor,140,third_lab,title,2,1,0,0,1,0,affiliated_faculty,False,0
inm2007,ingo-mellinghoff,Ingo Mellinghoff,Professor,107,third_named,title,4,0,0,0,1,0,affiliated_faculty,False,0
imd2001,inmaculada-de-melo-martin,Inmaculada De Melo-Martin,Professor,256,first_singular,name,4,7,0,6,1,0,full_time_faculty,True,0
,ivan-maillard,Ivan Maillard,Professor,493,first_singular,title,0,13,0,5,1,0,,,0
jph2002,james-hollenberg,James Hollenberg,Associate Professor,94,third_named,title,0,1,1,0,0,0,full_time_faculty,False,1
jal2063,james-lo,James Lo,Associate Professor,130,third_lab,name,4,0,0,0,1,0,full_time_faculty,True,0
jag2041,jan-grimm,Jan Grimm,Professor,144,third_named,title,2,1,0,0,1,0,affiliated_faculty,False,0
jes2002,jane-salmon,Jane Salmon,Professor,324,third_named,title,12,2,0,5,1,0,affiliated_faculty,True,0
jal9028,jason-lewis,Jason Lewis,Professor,182,third_named,title,4,0,0,0,1,0,affiliated_faculty,False,0
jam2054,jason-mezey,Jason Mezey,Professor,299,third_named,title,2,8,0,5,1,0,non_faculty_academic,False,0
,jayanta-chaudhuri,Jayanta Chaudhuri,Professor,265,third_lab,other,2,0,1,0,0,0,,,0
,jedd-wolchok,Jedd Wolchok,Professor,430,first_singular,first_person,0,6,0,0,0,0,,,0
,jennifer-zallen,Jennifer Zallen,Professor,16,third_lab,the_lab,0,1,0,0,0,0,,,0
jzx2002,jenny-xiang,Jenny Xiang,Professor,111,ambiguous,other,0,1,1,0,0,0,full_time_faculty,True,0
jed2019,jeremy-dittman,Jeremy Dittman,Associate Professor,99,third_lab,name,2,1,0,0,1,0,full_time_faculty,True,0
jet2021,jessica-tyler,Jessica Tyler,Professor,260,third_named,name,4,4,0,4,1,0,full_time_faculty,False,1
jep2025,ji-hye-paik,Ji-Hye Paik,Associate Professor,121,third_lab,title,4,1,0,0,1,0,full_time_faculty,False,1
jiz2010,jian-zhong,Jian Zhong,Associate Professor,381,first_plural,the_lab,4,7,1,0,0,0,,,0
,jimcy-platholi,Jimcy Platholi,Assistant Professor,59,third_named,name,0,1,0,0,0,0,,,0
jic4001,jingli-cao,Jingli Cao,Associate Professor,94,third_lab,name,0,3,0,0,1,0,full_time_faculty,True,0
,joan-massague,Joan Massague,Professor,140,third_named,name,2,2,0,1,1,0,,,0
,joao-xavier,Joao Xavier,Professor,361,third_named,other,2,5,1,0,0,3,,,0
jobuck,jochen-buck,Jochen Buck,Professor,127,third_lab,other,4,0,1,0,0,0,full_time_faculty,True,0
job2064,john-blenis,John Blenis,Professor,140,third_lab,the_lab,8,0,1,0,0,0,full_time_faculty,False,1
,john-chodera,John Chodera,Associate Professor,95,third_lab,the_lab,2,0,1,1,0,0,,,0
,john-cooke,John Cooke,Professor,13,ambiguous,other,0,1,0,1,0,0,,,0
,john-maciejowski,John Maciejowski,Associate Professor,122,third_lab,name,0,4,0,0,1,0,,,0
,john-petrini,John Petrini,Professor,277,third_lab,title,8,2,0,3,1,0,,,0
jawagne,john-wagner,John Wagner,Professor,110,third_named,title,0,1,0,0,0,0,full_time_faculty,True,0
,jonathan-goldberg,Jonathan Goldberg,Professor,54,third_lab,research,0,2,0,0,1,0,,,0
jdvicto,jonathan-victor,Jonathan Victor,Professor,112,third_lab,name,2,2,0,0,1,0,full_time_faculty,True,0
jhzippin,jonathan-zippin,Jonathan Zippin,Associate Professor,180,first_plural,other,2,0,1,0,0,0,full_time_faculty,False,1
jom4010,jorge-moscat,Jorge Moscat,Professor,153,third_named,name,2,1,0,0,1,0,full_time_faculty,False,1
,jose-florez-arango,Jose Florez-Arango,Associate Professor,195,third_named,title,2,2,0,5,2,0,,,0
joa2006,josef-anrather,Josef Anrather,Professor,212,third_named,name,2,1,0,5,1,0,full_time_faculty,True,0
,joseph-sun,Joseph Sun,Professor,147,third_lab,name,2,1,0,0,1,0,,,0
jtl2003,joshua-levitz,Joshua Levitz,Associate Professor,139,third_lab,other,2,0,1,0,0,0,full_time_faculty,False,1
ecarrill,juan-carrillo,Juan Carrillo,Professor,59,third_named,other,4,0,1,0,0,0,affiliated_faculty,True,0
jur2016,juan-cubillos-ruiz,Juan Cubillos-Ruiz,Associate Professor,202,third_named,title,2,1,0,0,1,0,full_time_faculty,True,0
jimperat,julianne-imperato-mcginley,Julianne Imperato-McGinley,Professor,414,third_named,title,6,4,1,0,0,0,full_time_faculty,True,0
jub2031,julie-magarian-blander,Julie Magarian Blander,Professor,371,third_lab,name,2,8,0,5,1,0,full_time_faculty,True,0
,justin-perry,Justin Perry,Assistant Professor,136,third_named,name,0,3,0,0,1,0,,,0
jyp2001,jyotishman-pathak,Jyotishman Pathak,Professor,378,third_named,title,6,5,0,0,6,0,,,0
kah2015,karin-hochrainer,Karin Hochrainer,Assistant Professor,111,third_lab,name,2,1,0,0,1,0,full_time_faculty,False,1
kch2005,katharine-hsu,Katharine Hsu,Professor,99,third_lab,name,2,1,0,0,1,0,affiliated_faculty,False,0
khajjar,katherine-hajjar,Katherine Hajjar,Professor,263,first_plural_lab,other,6,1,1,0,0,0,affiliated_faculty,True,0
kak3002,kayvan-keshari,Kayvan Keshari,Professor,316,third_named,name,2,7,0,5,5,0,affiliated_faculty,False,0
kpurpura,keith-purpura,Keith Purpura,Associate Professor,172,third_lab,name,0,3,0,0,1,0,full_time_faculty,False,1
,kenneth-marians,Kenneth Marians,Professor,104,ambiguous,other,0,5,0,0,1,0,,,0
khm2002,khaled-machaca,Khaled Machaca,Professor,41,third_named,title,0,3,0,0,0,0,full_time_faculty,True,0
kwd2001,kirk-deitsch,Kirk Deitsch,Professor,187,third_lab,name,0,3,0,0,1,0,full_time_faculty,True,0
klk9001,klaus-kjaer,Klaus Kjaer,Professor,310,third_named,title,2,7,0,7,5,0,full_time_faculty,False,1
,kojo-elenitoba-johnson,Kojo Elenitoba-Johnson,Professor,65,ambiguous,other,0,1,0,0,1,0,,,0
krp2013,kristen-pleil,Kristen Pleil,Associate Professor,114,third_named,name,2,1,0,0,1,0,full_time_faculty,False,1
,kushal-dey,Kushal Dey,Assistant Professor,132,third_named,name,0,2,0,0,1,0,,,0
kyr9001,kyu-rhee,Kyu Rhee,Professor,235,third_named,title,0,10,0,5,1,0,full_time_faculty,True,0
kyp2001,kyung-hyun-park-min,Kyung-Hyun Park-Min,Associate Professor,124,third_named,name,2,1,0,0,1,0,affiliated_faculty,False,0
,kyuson-yun,Kyuson Yun,Associate Professor,14,ambiguous,other,0,1,0,1,0,0,,,0
lad2031,laura-donlin,Laura Donlin,Associate Professor,91,ambiguous,other,2,1,0,0,1,0,affiliated_faculty,True,0
lak9015,laura-kirkman,Laura Kirkman,Associate Professor,91,third_named,title,0,1,0,0,0,0,full_time_faculty,True,0
lar2019,laura-robbins,Laura Robbins,Adjunct Associate Professor,125,third_named,title,16,0,1,0,0,0,,,0
,laura-santambrogio,Laura Santambrogio,Professor,284,third_named,title,4,6,0,1,1,0,,,0
lac2021,lawrence-casalino,Lawrence Casalino,Professor,351,third_named,other,4,6,0,5,1,0,non_faculty_academic,True,0
lgpalm,lawrence-palmer,Lawrence Palmer,Professor,57,third_named,name,0,3,0,0,1,0,full_time_faculty,True,0
lig2002,linda-gerber,Linda Gerber,Professor,187,third_named,name,0,1,1,0,0,0,full_time_faculty,False,1
lii2001,lionel-ivashkiv,Lionel Ivashkiv,Professor,363,first_singular,other,2,3,1,0,0,0,affiliated_faculty,False,0
lmk2003,lisa-kern,Lisa Kern,Professor,298,third_named,title,2,6,0,4,1,0,full_time_faculty,True,0
llevin,lonny-levin,Lonny Levin,Professor,77,third_lab,other,0,1,0,0,0,0,full_time_faculty,True,0
,lorenz-studer,Lorenz Studer,Professor,68,third_lab,other,4,0,1,0,0,0,,,0
ljgudas,lorraine-gudas,Lorraine Gudas,Professor/Chair,226,third_named,title,0,1,0,0,0,0,full_time_faculty,True,0
las2017,luce-skrabanek,Luce Skrabanek,Assistant Professor,164,third_named,name,0,9,0,0,0,0,full_time_faculty,True,0
,luis-parada,Luis Parada,Professor,177,third_lab,name,0,3,0,0,1,0,,,0
lud2005,lukas-dow,Lukas Dow,Professor,116,first_plural_lab,the_lab,2,0,1,0,0,0,full_time_faculty,False,1
,lydia-finley,Lydia Finley,Associate Professor,324,third_lab,name,2,6,0,4,1,0,,,0
,m-bryan-tsou,M. Bryan Tsou,Professor,68,ambiguous,other,0,1,0,0,0,0,,,0
mer2005,m-elizabeth-ross,M. Elizabeth Ross,Professor,153,third_lab,name,2,1,0,0,1,0,full_time_faculty,True,0
mas2189,manu-sharma,Manu Sharma,Associate Professor,261,third_lab,other,0,3,0,0,1,0,full_time_faculty,True,0
,mara-sherman,Mara Sherman,Associate Professor,293,third_lab,name,4,5,0,4,1,0,,,0
mtd4001,maria-diaz-meco,Maria Diaz-Meco,Professor,126,third_named,name,0,3,0,0,1,0,full_time_faculty,False,1
,maria-jasin,Maria Jasin,Professor,122,third_lab,other,0,1,0,0,0,0,,,0
mau2006,mark-unruh,Mark Unruh,Associate Professor,130,third_named,title,0,4,0,5,2,0,full_time_faculty,True,0
mag2005,marshall-glesby,Marshall Glesby,Professor,315,first_singular,other,0,6,1,0,0,0,full_time_faculty,True,0
,martin-wells,Martin Wells,Professor,96,third_named,name,0,1,1,0,0,0,,,0
,mary-baylies,Mary Baylies,Professor,282,third_named,title,0,5,0,4,2,0,,,0
mecharl,mary-charlson,Mary Charlson,Professor,266,third_named,name,2,3,1,0,0,0,full_time_faculty,False,1
mac2049,mary-crow,Mary Crow,Professor,285,first_singular,title,4,3,0,0,1,0,affiliated_faculty,True,0
mal4005,massimo-loda,Massimo Loda,Professor,101,third_named,name,0,1,0,0,0,0,full_time_faculty,False,1
mag3003,matthew-greenblatt,Matthew Greenblatt,Associate Professor,249,third_lab,title,0,16,0,5,9,0,full_time_faculty,False,1
mas4011,matthias-stadtfeld,Matthias Stadtfeld,Associate Professor,63,first_plural_lab,other,0,2,1,0,0,0,full_time_faculty,False,1
,melinda-diver,Melinda Diver,Assistant Professor,136,third_named,title,4,0,0,0,1,0,,,0
myz4001,melody-zeng,Melody Zeng,Associate Professor,126,first_plural_lab,the_lab,0,3,1,1,0,0,full_time_faculty,True,0
,michael-berger,Michael Berger,Assistant Professor,169,third_lab,name,0,7,0,5,1,0,,,0
mjg2003,michael-glass,Michael Glass,Associate Professor,136,first_plural,research,4,0,1,0,0,2,full_time_faculty,True,0
mig2027,michael-glickman,Michael Glickman,Professor,175,third_named,name,2,1,0,0,1,0,affiliated_faculty,False,0
mrh4003,michael-harrison,Michael Harrison,Assistant Professor,63,third_named,name,4,0,0,0,0,0,full_time_faculty,False,1
,michael-kharas,Michael Kharas,Professor,420,third_lab,title,2,5,0,0,1,0,,,0
,michael-overholtzer,Michael Overholtzer,Professor,46,first_singular,other,0,1,0,0,0,0,,,0
,michael-sparer,Michael Sparer,Professor,208,third_named,name,0,1,1,0,0,0,,,0
mgs2002,michael-stewart,Michael Stewart,Professor,425,third_named,title,2,10,0,5,5,0,full_time_faculty,True,0
mtoth,miklos-toth,Miklos Toth,Professor,88,third_named,name,2,1,0,0,1,0,full_time_faculty,True,0
,ming-li,Ming Li,Professor,90,third_named,name,2,2,0,0,0,0,,,0
,minkui-luo,Minkui Luo,Professor,73,third_lab,the_lab,2,0,1,0,0,0,,,0
moa4006,mohammad-arifuzzaman,Mohammad Arifuzzaman,Assistant Professor,455,third_lab,title,6,7,0,10,5,0,full_time_faculty,False,1
mlg2007,monica-guzman,Monica Guzman,Associate Professor,135,third_named,name,2,1,0,0,1,0,full_time_faculty,True,0
,monika-safford,Monika Safford,Professor,425,third_named,title,0,3,1,0,0,0,,,0
,morgan-huse,Morgan Huse,Professor,117,third_named,title,2,1,0,0,1,0,,,0
,muralidhar-hegde,Muralidhar Hegde,Professor,14,ambiguous,other,0,1,0,1,0,0,,,0
myl2003,myung-hee-lee,Myung-Hee Lee,Associate Professor,132,first_singular,first_person,0,2,1,0,0,0,full_time_faculty,True,0
nad2012,nancy-du,Nancy Du,Associate Professor,97,third_lab,title,0,3,0,0,1,0,full_time_faculty,False,1
nad2018,natalia-demarco,Natalia DeMarco,Associate Professor,208,third_lab,other,4,1,1,0,0,1,full_time_faculty,False,1
nah2005,nathaniel-hupert,Nathaniel Hupert,Associate Professor,411,third_named,title,0,3,0,2,2,0,full_time_faculty,False,1
nflue,neal-lue,Neal Lue,Professor,149,third_lab,title,2,1,0,0,1,0,full_time_faculty,True,0
,nicholas-brady,Nicholas Brady,Assistant Professor,202,third_lab,name,2,5,0,3,1,0,,,0
,nicholas-collins,Nicholas Collins,Assistant Professor,93,third_lab,other,2,1,0,0,1,0,,,0
nds2001,nicholas-schiff,Nicholas Schiff,Professor,463,third_named,title,4,3,1,0,0,0,full_time_faculty,True,0
,nikola-pavletich,Nikola Pavletich,Professor,59,ambiguous,research,2,0,1,0,0,0,,,0
,nikolaus-schultz,Nikolaus Schultz,Professor,672,first_singular,title,4,9,0,1,1,0,,,0
nia9069,niroshana-anandasabapathy,Niroshana Anandasabapathy,Associate Professor,222,third_named,title,4,0,0,0,1,0,full_time_faculty,False,1
sparre,olaf-andersen,Olaf Andersen,Professor,105,third_named,other,2,2,0,0,1,0,affiliated_faculty,True,0
olb2003,olga-boudker,Olga Boudker,Professor,380,third_named,other,2,0,1,0,0,0,full_time_faculty,True,0
ole2001,olivier-elemento,Olivier Elemento,Professor,321,third_lab,the_lab,2,0,1,1,1,0,full_time_faculty,False,1
,omar-abdel-wahab,Omar Abdel-Wahab,Professor,157,first_singular,first_person,4,0,0,1,1,0,,,0
pag2015,paraskevi-giannakakou,Paraskevi Giannakakou,Professor,234,third_lab,other,4,0,1,0,0,0,full_time_faculty,True,0
pac2037,patricia-cassano,Patricia Cassano,Associate Professor,95,third_named,name,2,2,1,0,0,0,affiliated_faculty,False,0
pcw4001,patrick-wilson,Patrick Wilson,Professor,485,third_lab,title,0,9,0,0,6,0,full_time_faculty,False,1
pez2001,pengbo-zhou,Pengbo Zhou,Professor,533,first_plural_lab,other,2,0,1,0,0,0,full_time_faculty,True,0
pag2014,peter-goldstein,Peter Goldstein,Professor,183,third_lab,other,4,0,1,0,0,1,full_time_faculty,False,1
pat2010,peter-torzilli,Peter Torzilli,Professor,187,ambiguous,other,2,1,1,0,0,0,,,0
,philip-horner,Philip Horner,Professor,14,ambiguous,other,0,1,0,1,0,0,,,0
,philipp-niethammer,Philipp Niethammer,Professor,83,third_named,other,0,4,0,0,1,0,,,0
pchi,ping-chi,Ping Chi,Professor,89,first_plural_lab,other,2,0,1,0,0,0,affiliated_faculty,False,0
pil2003,piro-lito,Piro Lito,Professor,96,third_lab,other,2,0,1,0,0,0,affiliated_faculty,False,0
,prasad-jallepalli,Prasad Jallepalli,Professor,19,third_lab,other,0,1,0,0,0,0,,,0
rbjones,r-brad-jones,R. Brad Jones,Associate Professor,132,third_named,title,2,5,0,5,2,0,full_time_faculty,False,1
rak2007,rainu-kaushal,Rainu Kaushal,Professor,300,third_named,title,0,9,0,4,4,0,full_time_faculty,True,0
rrr2001,rajiv-ratan,Rajiv Ratan,Professor,196,first_plural_lab,the_lab,4,1,1,0,0,0,affiliated_faculty,False,0
rbsilve,randi-silver,Randi Silver,Associate Dean,574,third_named,other,2,6,1,0,0,0,full_time_faculty,True,0
ral2006,randy-longman,Randy Longman,Associate Professor,86,third_named,name,2,1,0,0,1,0,full_time_faculty,False,1
,ricardo-otazo-torres,Ricardo Otazo Torres,Professor,399,third_named,name,2,7,0,7,1,0,,,0
,richard-hite,Richard Hite,Associate Professor,40,first_plural,research,2,0,1,0,0,0,,,0
,richard-kolesnick,Richard Kolesnick,Professor,158,first_singular,first_person,2,1,0,0,1,0,,,0
ril9010,richard-lee,Richard Lee,Associate Professor,477,third_named,title,0,5,0,6,1,0,full_time_faculty,True,0
,robert-benezra,Robert Benezra,Professor,101,first_singular,research,2,0,1,0,0,0,,,0
,robert-krencik,Robert Krencik,Associate Professor,14,ambiguous,other,0,1,0,1,0,0,,,0
rcr4001,robert-rostomily,Robert Rostomily,Professor,14,ambiguous,other,0,1,0,1,0,0,affiliated_faculty,False,0
res2025,robert-schwartz,Robert Schwartz,Associate Professor,167,third_named,title,2,1,1,0,0,0,full_time_faculty,False,1
roz4002,roberta-zappasodi,Roberta Zappasodi,Assistant Professor,206,third_lab,title,2,1,0,0,1,0,full_time_faculty,False,1
roc9045,rohit-chandwani,Rohit Chandwani,Associate Professor,137,third_lab,title,0,3,0,0,1,0,full_time_faculty,False,1
,ronald-blasberg,Ronald Blasberg,Professor,42,third_lab,name,0,1,1,0,0,0,,,0
rgcryst,ronald-crystal,Ronald Crystal,Professor/Chair,98,third_lab,title,0,1,0,0,0,0,full_time_faculty,False,1
rol3004,ross-levine,Ross Levine,Professor,142,third_lab,name,4,1,0,2,2,0,affiliated_faculty,False,0
rgulick,roy-gulick,Roy Gulick,Professor,40,third_named,title,0,1,1,0,0,0,full_time_faculty,True,0
sae2004,sabine-ehrt,Sabine Ehrt,Professor/Chair,105,third_named,name,2,1,0,0,1,0,full_time_faculty,True,0
srj2003,samie-jaffrey,Samie Jaffrey,Professor,101,third_lab,title,0,3,0,0,1,0,full_time_faculty,True,0
sab2028,samprit-banerjee,Samprit Banerjee,Associate Professor,458,first_singular,title,2,1,0,3,1,0,full_time_faculty,True,0
,santosha-vardhana,Santosha Vardhana,Assistant Professor,361,third_lab,title,2,7,0,4,1,0,,,0
sac9014,sarat-chandarlapaty,Sarat Chandarlapaty,Professor,163,third_lab,name,2,1,0,0,1,0,affiliated_faculty,False,0
,scott-keeney,Scott Keeney,Professor,112,first_plural,other,0,1,1,0,0,0,,,0
,scott-lowe,Scott Lowe,Professor,183,third_lab,name,0,3,0,0,1,0,,,0
sckiang,selina-chen-kiang,Selina Chen-Kiang,Professor,302,third_named,other,2,1,1,0,0,0,full_time_faculty,True,0
shn9035,seung-ha-nam,Seung Ha Nam,Assistant Professor,138,third_lab,other,2,1,0,0,1,0,full_time_faculty,False,1
srafii,shahin-rafii,Shahin Rafii,Professor,311,third_lab,name,4,1,1,0,0,0,full_time_faculty,False,1
,shahrad-taheri,Shahrad Taheri,Professor,192,third_lab,title,0,3,1,0,0,0,,,0
,shannon-reilly,Shannon Reilly,Assistant Professor,167,third_lab,name,2,1,0,0,1,0,,,0
shn2010,sheila-nirenberg,Sheila Nirenberg,Professor,110,third_named,other,4,1,1,0,1,0,full_time_faculty,False,1
,shu-hsia-chen,Shu-Hsia Chen,Professor,14,ambiguous,other,0,1,0,1,0,0,,,0
shc2034,shuibing-chen,Shuibing Chen,Professor,111,first_plural_lab,the_lab,2,0,1,0,0,0,full_time_faculty,True,0
,simon-powell,Simon Powell,Professor,162,third_named,name,0,3,0,0,1,0,,,0
sis2019,simon-scheuring,Simon Scheuring,Professor,125,third_named,other,2,1,0,0,1,0,full_time_faculty,False,1
stw2006,stefan-worgall,Stefan Worgall,Professor,68,third_named,name,2,1,0,0,1,0,full_time_faculty,False,1
,stephen-wong,Stephen Wong,Professor,14,ambiguous,other,0,1,0,1,0,0,,,0
szj2001,steven-josefowicz,Steven Josefowicz,Associate Professor,358,third_lab,other,6,2,1,0,0,0,full_time_faculty,True,0
,stewart-shuman,Stewart Shuman,Professor,142,third_lab,title,2,1,0,0,1,0,,,0
suc2002,sunghee-cho,Sunghee Cho,Professor,519,first_singular,other,4,1,1,0,0,0,affiliated_faculty,False,0
,sushmita-mukherjee,Sushmita Mukherjee,Associate Professor,376,first_singular,other,4,5,0,0,5,0,,,0
ptk9001,t-peter-kingham,T. Peter Kingham,Professor,40,ambiguous,other,0,1,1,0,0,0,affiliated_faculty,False,0
,taha-merghoub,Taha Merghoub,Professor,985,first_singular,title,10,9,0,6,1,0,,,0
tlfernan,tara-bishop,Tara Bishop,Associate Professor,104,third_named,title,2,2,1,0,0,0,affiliated_faculty,True,0
tmilner,teresa-milner,Teresa Milner,Professor,150,third_named,title,2,1,0,0,1,0,full_time_faculty,False,1
thl2005,theresa-lu,Theresa Lu,Professor,216,third_named,name,2,2,0,0,1,0,affiliated_faculty,True,0
thc2015,thomas-campion,Thomas Campion,Professor,195,ambiguous,other,0,3,1,0,0,0,full_time_faculty,True,0
,thomas-norman,Thomas Norman,Assistant Professor,232,third_lab,name,2,4,0,3,1,0,,,0
,thomas-vierbuchen,Thomas Vierbuchen,Assistant Professor,122,third_lab,title,2,2,0,0,1,0,,,0
temcgraw,timothy-mcgraw,Timothy McGraw,Professor,315,third_lab,name,2,2,0,5,0,0,full_time_faculty,True,0
taryan,timothy-ryan,Timothy Ryan,Professor,133,third_lab,other,2,1,0,0,1,0,full_time_faculty,True,0
tmhohl,tobias-hohl,Tobias Hohl,Professor,51,ambiguous,other,2,5,0,5,2,0,affiliated_faculty,False,0
,tobias-meyer,Tobias Meyer,Professor,286,third_named,name,4,5,0,4,1,0,,,0
,tobias-walther,Tobias Walther,Professor,611,third_lab,name,2,13,0,26,1,0,,,0
tre2003,todd-evans,Todd Evans,Professor,144,third_named,title,2,3,0,0,1,0,full_time_faculty,True,0
trk2002,trine-krogh-madsen,Trine Krogh-Madsen,Associate Professor,259,third_named,name,2,7,0,5,5,0,full_time_faculty,False,1
,tuomas-tammela,Tuomas Tammela,Associate Professor,364,third_lab,title,4,5,0,4,1,0,,,0
,usman-mahmood,Usman Mahmood,Assistant Professor,396,third_named,name,2,8,0,0,1,0,,,0
,valentin-dragoi,Valentin Dragoi,Professor,14,ambiguous,other,0,1,0,1,0,0,,,0
vip2021,virginia-pascual,Virginia Pascual,Professor,233,third_named,title,2,2,0,0,0,0,full_time_faculty,False,1
vpickel,virginia-pickel,Virginia Pickel,Professor,289,first_plural,other,6,0,1,0,0,0,affiliated_faculty,True,0
vim2010,vivek-mittal,Vivek Mittal,Professor,98,third_lab,title,0,4,0,0,1,0,full_time_faculty,False,1
vst9001,viviane-tabar,Viviane Tabar,Professor,50,first_singular,first_person,2,0,1,0,0,0,affiliated_faculty,False,0
wes2007,wen-shen,Wen Shen,Associate Professor,57,third_named,name,2,1,0,0,1,0,full_time_faculty,False,1
wls4001,william-schpero,William Schpero,Assistant Professor,220,third_named,title,0,10,0,5,1,0,full_time_faculty,True,0
kaz2004,xi-kathy-zhou,Xi Kathy Zhou,Professor,139,third_named,title,0,3,0,5,1,0,full_time_faculty,True,0
xim2002,xiaojing-ma,Xiaojing Ma,Professor,106,third_named,name,0,1,0,0,0,0,full_time_faculty,True,0
,xiaolan-zhao,Xiaolan Zhao,Professor,150,third_lab,title,0,3,0,0,1,0,,,0
xyhuang,xin-yun-huang,Xin Yun Huang,Professor,212,third_named,name,2,8,0,5,1,0,full_time_faculty,False,1
,xuejun-jiang,Xuejun Jiang,Professor,136,third_lab,name,0,3,0,0,1,0,,,0
,yael-david,Yael David,Associate Professor,169,third_named,title,0,3,0,0,1,0,,,0
yiwang,yi-wang,Yi Wang,Professor,368,third_named,title,6,0,0,5,2,0,full_time_faculty,False,1
yil4011,yicheng-long,Yicheng Long,Assistant Professor,113,third_lab,name,2,1,0,0,1,0,full_time_faculty,False,1
yiz2014,yiye-zhang,Yiye Zhang,Associate Professor,38,first_singular,research,4,0,1,1,0,0,full_time_faculty,False,1
yuc2001,yu-chen,Yu Chen,Professor,130,third_named,the_lab,2,0,1,0,0,0,affiliated_faculty,False,0
yuz2002,yuan-shan-zhu,Yuan-Shan Zhu,Professor,292,third_named,title,2,8,0,5,6,0,full_time_faculty,True,0
,yueming-li,Yueming Li,Professor,101,ambiguous,the_lab,2,0,1,0,0,0,,,0
yub2003,yuhua-bao,Yuhua Bao,Professor,278,third_named,title,2,7,0,5,6,0,full_time_faculty,True,0
,yulin-li,Yulin Li,Assistant Professor,14,ambiguous,other,0,1,0,1,0,0,,,0
zhc2006,zhengming-chen,Zhengming Chen,Assistant Professor,214,third_named,title,2,8,0,0,1,0,full_time_faculty,False,1
,zhirong-bao,Zhirong Bao,Professor,14,first_singular,the_lab,2,0,1,0,0,0,,,0
